

USE HONDA;

-- NHÂN VIÊN
insert into NhanVien values
('NV01', N'Nguyễn', N'Duy Anh', '1999-12-11',1, 'TPHCM', '0902346712', 'duyanh@gmail.com', 7000000, '01.jpg', 'Nhanvien', '123', N'Không có gì'),
('NV02', N'Nguyễn', N'Trung Dĩ', '1999-10-30',1, 'TPHCM', '0902125687', 'trungdi@gmail.com', 8000000, '02.jpg', 'Nhanvien', '123', N'Không có gì'),
('NV03', N'Lâm', N'Khánh Duy', '1999-07-26',1, 'TPHCM', '0902459811', 'khanhduy@gmail.com', 9000000, '03.jpg', 'Nhanvien', '123', N'Không có gì'),
('NV04', N'Lê', N'Nhật Duy', '1999-05-21',1, 'TPHCM', '0902334512', 'nhatduy@gmail.com', 9000000, '04.jpg', 'Nhanvien', '123', N'Không có gì'),
('NV05', N'Nguyễn', N'Hoàng Duy', '1999-06-29',1, 'TPHCM', '0902125433', 'hoangduy@gmail.com', 8000000, '05.jpg', 'Nhanvien', '123', N'Không có gì'),
('NV06', N'Phan', N'Hoàng Đức', '1999-11-10',1, 'TPHCM', '0902445566', 'hoangduc@gmail.com', 7000000, '06.jpg', 'Nhanvien', '123', N'Không có gì'),
('NV07', N'Bùi', N'Tấn Đạt', '1999-01-03',1, 'TPHCM', '0902125454', 'tandat@gmail.com', 6000000, '07.jpg', 'Nhanvien', '123', N'Không có gì'),
('NV08', N'Võ', N'Văn Đạt', '1999-02-18',1, 'TPHCM', '0902334333', 'vandat@gmail.com', 6000000, '08.jpg', 'Nhanvien', '123', N'Không có gì'),
('NV09', N'Bùi', N'Thành Đạt', '1999-12-05',1, 'TPHCM', '0902998723', 'thanhdat@gmail.com', 7000000, '09.jpg', 'Nhanvien', '123', N'Không có gì'),
('NV10', N'Võ', N'Chung Đạt', '1999-05-19',1, 'TPHCM', '0902001932', 'chungdat@gmail.com', 8000000, '10.jpg', 'Nhanvien', '123', N'Không có gì'),
('NV11', N'Trần', N'Văn Hậu', '1999-11-30',1, 'TPHCM', '0902434355', 'vanhau@gmail.com', 9000000, '11.jpg', 'Nhanvien', '123', N'Không có gì'),
('NV12', N'Nguyễn', N'Thành Lộc', '1999-04-15',1, 'TPHCM', '0902321132', 'thanhloc@gmail.com', 9000000, '12.jpg', 'Nhanvien', '123', N'Không có gì'),
('NV13', N'Nguyễn', N'Trọng Nghĩa', '1999-10-09',1, 'TPHCM', '0902124354', 'trongnghia@gmail.com', 8000000, '13.jpg', 'Nhanvien', '123', N'Không có gì'),
('NV14', N'Phùng', N'Thanh Phong', '1999-02-23',1, 'TPHCM', '0902992212', 'thanhphong@gmail.com', 7000000, '14.jpg', 'Nhanvien', '123', N'Không có gì'),
('NV15', N'Nguyễn', N'Hồng Phúc', '1999-09-18',1, 'TPHCM', '0902003476', 'hongphuc@gmail.com', 6000000, '15.jpg', 'Nhanvien', '123', N'Không có gì'),
('NV16', N'Nguyễn', N'Phú Qúy', '1999-03-07',1, 'TPHCM', '0902124543', 'phuquy@gmail.com', 9000000, '16.jpg', 'Nhanvien', '123', N'Không có gì'),
('NV17', N'ĐoàN', N'Thanh Tân', '1999-12-10',1, 'TPHCM', '0902989476', 'thanhtan@gmail.com', 8000000, '17.jpg', 'Nhanvien', '123', N'Không có gì'),
('NV18', N'Lê', N'Hoàng Thành', '1999-11-21',1, 'TPHCM', '0902559923', 'hoangthanh@gmail.com', 7000000, '18.jpg', 'Nhanvien', '123', N'Không có gì'),
('NV19', N'Trần', N'Quốc Triệu', '1999-05-21',1, 'TPHCM', '0902224455', 'quoctrieu@gmail.com', 7000000, '19.jpg', 'Nhanvien', '123', N'Không có gì'),
('NV20', N'Nguyễn', N'Hoàng Tú', '1999-12-07',1, 'TPHCM', '0902431243', 'hoangtu@gmail.com', 6000000, '20.jpg', 'Nhanvien', '123', N'Không có gì'),
('NV21', N'Đặng', N'Hoàng An', '1999-10-14',1, 'TPHCM', '0902543212', 'hoangan@gmail.com', 7000000, '21.jpg', 'Nhanvien', '123', N'Không có gì'),
('NV22', N'Trương', N'Gia Bảo', '1999-02-11',1, 'TPHCM', '0902231243', 'giabao@gmail.com', 6000000, '22.jpg', 'Nhanvien', '123', N'Không có gì'),
('NV23', N'Nguyễn', N'Thanh Hà', '1999-10-01',1, 'TPHCM', '0902098784', 'thanhha@gmail.com', 9000000, '23.jpg', 'Nhanvien', '123', N'Không có gì'),
('NV24', N'Phạm', N'Hoàng Đức', '1999-04-30',1, 'TPHCM', '0902214354', 'hoangduc@gmail.com', 9000000, '24.jpg', 'Nhanvien', '123', N'Không có gì'),
('NV25', N'Nguyễn', N'Quốc Hiếu', '1999-01-01',1, 'TPHCM', '0902433322', 'quochieu@gmail.com', 7000000, '25.jpg', 'Nhanvien', '123', N'Không có gì'),
('NV26', N'Nguyễn', N'Nhất Huy', '1999-05-11',1, 'TPHCM', '0902998843', 'nhathuy@gmail.com', 8000000, '26.jpg', 'Nhanvien', '123', N'Không có gì'),
('NV27', N'Hà', N'Duy Khang', '1999-07-16',1, 'TPHCM', '0902431211', 'duykhang@gmail.com', 6000000, '27.jpg', 'Nhanvien', '123', N'Không có gì'),
('NV28', N'Trần', N'Trung Kiên', '1999-12-25',1, 'TPHCM', '0902325411', 'trungkien@gmail.com', 7000000, '28.jpg', 'Nhanvien', '123', N'Không có gì'),
('NV29', N'Phan', N'Quốc Kiệt', '1999-11-20',1, 'TPHCM', '0902989054', 'quockiet@gmail.com', 8000000, '29.jpg', 'Nhanvien', '123', N'Không có gì'),
('NV30', N'Trần', N'Thanh Liêm', '1999-08-26',1, 'TPHCM', '0902553421', 'thanhliem@gmail.com', 9000000, '30.jpg', 'Nhanvien', '123', N'Không có gì'),
('NV31', N'Chung', N'Tấn Lợi', '1999-09-15',1, 'TPHCM', '0902430909', 'tanloi@gmail.com', 6000000, '31.jpg', 'Nhanvien', '123', N'Không có gì'),
('NV32', N'Bùi', N'Nhật Anh', '1999-05-25',1, 'TPHCM', '0902430989', 'nhatanh@gmail.com', 9000000, '32.jpg', 'Nhanvien', '123', N'Không có gì'),
('NV33', N'Ngô', N'Hoàng Phong', '1999-04-01',1, 'TPHCM', '0902431205', 'hoangphong@gmail.com', 7000000, '33.jpg', 'Nhanvien', '123', N'Không có gì'),
('NV34', N'Nguyễn', N'Thiên Long', '1999-11-22',1, 'TPHCM', '0902774412', 'thienlong@gmail.com', 6000000, '34.jpg', 'Nhanvien', '123', N'Không có gì'),
('NV35', N'Lê', N'Tuấn Anh', '1999-12-29',1, 'TPHCM', '0902439090', 'tuananh@gmail.com', 8000000, '35.jpg', 'Nhanvien', '123', N'Không có gì'),
('NV36', N'Hoàng', N'Xuân Bảo', '1999-06-26',1, 'TPHCM', '0902431123', 'xuanbao@gmail.com', 9000000, '36.jpg', 'Nhanvien', '123', N'Không có gì'),
('NV37', N'Phạm', N'Minh Bảo', '1999-09-18',1, 'TPHCM', '0902439855', 'minhbao@gmail.com', 8000000, '37.jpg', 'Nhanvien', '123', N'Không có gì'),
('NV38', N'Nguyễn', N'Hoàng Nam', '1999-12-22',1, 'TPHCM', '0902120944', 'hoangnam@gmail.com', 9000000, '38.jpg', 'Nhanvien', '123', N'Không có gì'),
('NV39', N'Nguyễn', N'Minh Chiến', '1999-01-13',1, 'TPHCM', '0902430904', 'minhchien@gmail.com', 7000000, '39.jpg', 'Nhanvien', '123', N'Không có gì'),
('NV40', N'Phạm', N'Quốc Chính', '1999-02-07',1, 'TPHCM', '0902321211', 'quocchinh@gmail.com', 6000000, '40.jpg', 'Nhanvien', '123', N'Không có gì');





-- KHÁCH HÀNG
insert into KhachHang values
('KH01', N'Nguyễn', N'Thanh Duy', 1, '1991-11-09', N'TPHCM', '0903112343', 'thanhduy1@gmail.com', 1, N'Không có gì', 'NV01'),
('KH02', N'Trần', N'Tuấn Hải', 1, '1993-12-29', N'TPHCM', '0903435112', 'tuanhai2@gmail.com', 1, N'Không có gì', 'NV02'),
('KH03', N'Phùng', N'Xuân Nghị', 1, '1996-05-18', N'TPHCM', '0903436512', 'xuannghi123@gmail.com', 1, N'Không có gì', 'NV03'),
('KH04', N'Lê', N'Anh Hải', 1, '1998-04-30', N'TPHCM', '0903097933', 'anhhai22@gmail.com', 1, N'Không có gì', 'NV04'),
('KH05', N'Phan', N'Tuấn Anh', 1, '1999-10-31', N'TPHCM', '0903009988', 'tuananh124@gmail.com', 1, N'Không có gì', 'NV05'),
('KH06', N'Trần', N'Văn Đạt', 1, '1994-08-09', N'TPHCM', '0903321132', 'vandat234@gmail.com', 1, N'Không có gì', 'NV06'),
('KH07', N'Trương', N'Thành Đạt', 1, '1991-05-19', N'TPHCM', '0903326532', 'thanhdat909@gmail.com', 1, N'Không có gì', 'NV07'),
('KH08', N'Võ', N'Văn Tài', 1, '1993-06-28', N'TPHCM', '0903774331', 'vantai123@gmail.com', 1, N'Không có gì', 'NV08'),
('KH09', N'Dương', N'Văn Kiệt', 1, '1992-12-22', N'TPHCM', '0903312311', 'vankiet54@gmail.com', 1, N'Không có gì', 'NV09'),
('KH10', N'Trương', N'Vô Định', 1, '1992-11-23', N'TPHCM', '0903443112', 'vodinh23@gmail.com', 1, N'Không có gì', 'NV10'),
('KH11', N'Châu', N'Hoàng Nhâm', 1, '1997-12-11', N'TPHCM', '0903310099', 'hoangnham@gmail.com', 1, N'Không có gì', 'NV11'),
('KH12', N'Nguyễn', N'Tuấn Anh', 1, '1995-07-15', N'TPHCM', '0903125564', 'tuananh786@gmail.com', 1, N'Không có gì', 'NV12'),
('KH13', N'Vũ', N'Phúc Lợi', 1, '1993-02-27', N'TPHCM', '0903311100', 'phucloi34@gmail.com', 1, N'Không có gì', 'NV13'),
('KH14', N'Võ', N'Trọng Phúc', 1, '1996-11-15', N'TPHCM', '0903546543', 'trongphuc23@gmail.com', 1, N'Không có gì', 'NV14'),
('KH15', N'Trần', N'Phát Tài', 1, '1994-12-18', N'TPHCM', '0903843465', 'phattai333@gmail.com', 1, N'Không có gì', 'NV15'),
('KH16', N'Bùi', N'Văn Đạt', 1, '1992-05-23', N'TPHCM', '0903907821', 'vandat0909@gmail.com', 1, N'Không có gì', 'NV16'),
('KH17', N'Lê', N'Thành Thuận', 1, '1994-08-27', N'TPHCM', '0903832543', 'thanhthuan43@gmail.com', 1, N'Không có gì', 'NV17'),
('KH18', N'Trần', N'Văn Thuận', 1, '1991-10-28', N'TPHCM', '0903311233', 'vanthuan849@gmail.com', 1, N'Không có gì', 'NV18'),
('KH19', N'Phan', N'Văn Hữu', 1, '1992-09-19', N'TPHCM', '0903445645', 'vanhuu78943@gmail.com', 1, N'Không có gì', 'NV19'),
('KH20', N'Nguyễn', N'Gia Huy', 1, '1995-05-16', N'TPHCM', '0903090788', 'giahuy6478@gmail.com', 1, N'Không có gì', 'NV20'),
('KH21', N'Võ', N'Vĩnh Hảo', 1, '1997-04-13', N'TPHCM', '0903854906', 'vinhhao312@gmail.com', 1, N'Không có gì', 'NV21'),
('KH22', N'Lê', N'Thái Vũ', 1, '1998-12-11', N'TPHCM', '0903765878', 'thaivu432@gmail.com', 1, N'Không có gì', 'NV22'),
('KH23', N'Huỳnh', N'Tuấn Phương', 1, '1998-11-10', N'TPHCM', '0903654678', 'tuanphuong213@gmail.com', 1, N'Không có gì', 'NV23'),
('KH24', N'Nguyễn', N'Tấn Lộc', 1, '1997-10-04', N'TPHCM', '0903543531', 'tanloc4332@gmail.com', 1, N'Không có gì', 'NV24'),
('KH25', N'Trần', N'Công Lý', 1, '1995-04-05', N'TPHCM', '0903887987', 'congly433@gmail.com', 1, N'Không có gì', 'NV25'),
('KH26', N'Lê', N'Hiếu Nghĩa', 1, '1995-07-19', N'TPHCM', '0903854382', 'hieunghia3423@gmail.com', 1, N'Không có gì', 'NV26'),
('KH27', N'Nguyễn', N'Hoàng Kỳ', 1, '1993-09-22', N'TPHCM', '0903864096', 'hoangky32@gmail.com', 1, N'Không có gì', 'NV27'),
('KH28', N'Trần', N'Thế Phong', 1, '1991-10-21', N'TPHCM', '0903004973', 'thephong3432@gmail.com', 1, N'Không có gì', 'NV28'),
('KH29', N'Hoàng', N'Tuấn Đức', 1, '1991-12-30', N'TPHCM', '0903412389', 'tuanduc321@gmail.com', 1, N'Không có gì', 'NV29'),
('KH30', N'Vũ', N'Quốc Thịnh', 1, '1993-05-23', N'TPHCM', '0903455839', 'quocthinh3123@gmail.com', 1, N'Không có gì', 'NV30'),
('KH31', N'Võ', N'Duy Toàn', 1, '1996-03-28', N'TPHCM', '0903438980', 'duytoan321@gmail.com', 1, N'Không có gì', 'NV31'),
('KH32', N'Đinh', N'Phúc Trường', 1, '1997-01-10', N'TPHCM', '0903312159', 'phuctruong321@gmail.com', 1, N'Không có gì', 'NV32'),
('KH33', N'Lâm', N'Tuấn Khải', 1, '1996-08-15', N'TPHCM', '0903990890', 'tuankhai312@gmail.com', 1, N'Không có gì', 'NV33'),
('KH34', N'Ngô', N'Gia Khánh', 1, '1994-10-19', N'TPHCM', '0903493290', 'giakhanh321@gmail.com', 1, N'Không có gì', 'NV34'),
('KH35', N'Trần', N'Bảo Lộc', 1, '1993-12-16', N'TPHCM', '0903429891', 'baoloc8749@gmail.com', 1, N'Không có gì', 'NV35'),
('KH36', N'Nguyễn', N'Khánh Tân', 1, '1996-11-14', N'TPHCM', '0903493802', 'khanhtan3283@gmail.com', 1, N'Không có gì', 'NV36'),
('KH37', N'Lê', N'Minh Quyết', 1, '1998-05-10', N'TPHCM', '0903890811', 'minhquyet439@gmail.com', 1, N'Không có gì', 'NV37'),
('KH38', N'Bùi', N'Duy An', 1, '1999-07-02', N'TPHCM', '0903875123', 'duyan378@gmail.com', 1, N'Không có gì', 'NV38'),
('KH39', N'Trần', N'Hoàng Lợi', 1, '1998-12-05', N'TPHCM', '0903843211', 'hoangloi43229@gmail.com', 1, N'Không có gì', 'NV39'),
('KH40', N'Nguyễn', N'Nhật Đức', 1, '1991-09-10', N'TPHCM', '0903436781', 'nhatduc312@gmail.com', 1, N'Không có gì', 'NV40');



-- LOẠI HÀNG
insert into LoaiHang values
('LH01', N'Xe ga'),
('LH02', N'Xe côn'),
('LH03', N'Xe số');


-- NHÀ SẢN XUẤT
insert into NhaSanXuat values
('NSX01', 'Honda'),
('NSX02', 'Yamaha'),
('NSX03', 'Suzuki'),
('NSX04', 'SYM'),
('NSX05', 'Piaggio');


-- DÒNG SẢN PHẨM
insert into DongSanPham values
-- HONDA
('DSP01', 'Air Blade', 'LH01', 'NSX01'),
('DSP02', 'SH 150i', 'LH01', 'NSX01'),
('DSP03', 'SH Mode', 'LH01', 'NSX01'),
('DSP04', 'Lead', 'LH01', 'NSX01'),
('DSP05', 'PCX', 'LH01', 'NSX01'),
('DSP06', 'Winner', 'LH02', 'NSX01'),
('DSP07', 'Wave Alpha', 'LH03', 'NSX01'),
('DSP08', 'Future', 'LH03', 'NSX01'),
('DSP09', 'Wave RSX', 'LH03', 'NSX01'),
('DSP10', 'Blade', 'LH03', 'NSX01'),
-- YAMAHA
('DSP11', 'Grande', 'LH01', 'NSX02'),
('DSP12', 'Nozza', 'LH01', 'NSX02'),
('DSP13', 'Janus', 'LH01', 'NSX02'),
('DSP14', 'Exciter', 'LH02', 'NSX02'),
('DSP15', 'Sirius', 'LH03', 'NSX02'),
('DSP16', 'Jupiter', 'LH03', 'NSX02'),
-- SUZUKI
('DSP17', 'Impulse', 'LH01', 'NSX03'),
('DSP18', 'Hayate', 'LH01', 'NSX03'),
('DSP19', 'Raider', 'LH02', 'NSX03'),
('DSP20', 'Revo', 'LH03', 'NSX03'),
('DSP21', 'Viva', 'LH03', 'NSX03'),
-- SYM
('DSP22', 'Venus', 'LH01', 'NSX04'),
('DSP23', 'Angela', 'LH03', 'NSX04'),
-- PIAGGIO
('DSP24', 'Liberty', 'LH01', 'NSX05'),
('DSP25', 'Vespa', 'LH01', 'NSX05');



-- SẢN PHẨM
insert into SanPham values
-- HONDA
('SK01', 'Honda Air Blade 2021', 'abden.jpg', N'Đen', '150cc', '2021', '36', 'TPHCM', '5000000000', N'Honda Air Blade 150cc 2021 mang phong cách mạnh mẽ', 'DSP01', 'NV01'),
('SK02', 'Honda Air Blade 2021', 'abdo.jpg', N'Đỏ', '150cc', '2021', '36', 'TPHCM', '5000000000', N'Honda Air Blade 150cc 2021 mang phong cách mạnh mẽ', 'DSP01', 'NV01'),
('SK03', 'Honda Air Blade 2021', 'abxam.jpg', N'Xám', '150cc', '2021', '36', 'TPHCM', '5000000000', N'Honda Air Blade 150cc 2021 mang phong cách mạnh mẽ', 'DSP01', 'NV01'),
('SK04', 'Honda SH 150i 2021', 'shden.jpg', N'Đen', '150cc', '2021', '36', 'TPHCM', '9000000000', N'Honda SH mới được thiết kế dựa theo những xu hướng mới và hiện đại nhất', 'DSP02', 'NV02'),
('SK05', 'Honda SH 150i 2021', 'shdo.jpg', N'Đỏ', '150cc', '2021', '36', 'TPHCM', '9000000000', N'Honda SH mới được thiết kế dựa theo những xu hướng mới và hiện đại nhất', 'DSP02', 'NV02'),
('SK06', 'Honda SH 150i 2021', 'shxam.jpg', N'Xám', '150cc', '2021', '36', 'TPHCM', '9000000000', N'Honda SH mới được thiết kế dựa theo những xu hướng mới và hiện đại nhất', 'DSP02', 'NV02'),
('SK07', 'Honda SH Mode 2021', 'shmodeden.jpg', N'Đen', '125cc', '2021', '36', 'TPHCM', '6000000000', N'Honda SH Mode 2021 được định vị là dòng xe tay ga cao cấp dành cho nữ', 'DSP03', 'NV03'),
('SK08', 'Honda SH Mode 2021', 'shmodedo.jpg', N'Đỏ', '125cc', '2021', '36', 'TPHCM', '6000000000', N'Honda SH Mode 2021 được định vị là dòng xe tay ga cao cấp dành cho nữ', 'DSP03', 'NV03'),
('SK09', 'Honda SH Mode 2021', 'shmodexam.jpg', N'Xám', '125cc', '2021', '36', 'TPHCM', '6000000000', N'Honda SH Mode 2021 được định vị là dòng xe tay ga cao cấp dành cho nữ', 'DSP03', 'NV03'),
('SK10', 'Honda Lead 2021', 'leadden.jpg', N'Đen', '125cc', '2021', '36', 'TPHCM', '4000000000', N'Honda Lead 2021 là một trong những dòng xe được sử dụng phổ biến nhất hiện nay', 'DSP04', 'NV04'),
('SK11', 'Honda Lead 2021', 'leaddo.jpg', N'Đỏ', '125cc', '2021', '36', 'TPHCM', '4000000000', N'Honda Lead 2021 là một trong những dòng xe được sử dụng phổ biến nhất hiện nay', 'DSP04', 'NV04'),
('SK12', 'Honda Lead 2021', 'leadtrang.jpg', N'Trắng', '125cc', '2021', '36', 'TPHCM', '4000000000', N'Honda Lead 2021 là một trong những dòng xe được sử dụng phổ biến nhất hiện nay', 'DSP04', 'NV04'),
('SK13', 'Honda PCX 2021', 'pcxden.jpg', N'Đen', '150cc', '2021', '36', 'TPHCM', '7000000000', N'Honda PCX cải tiến mới, tích hợp công nghệ hiện đại', 'DSP05', 'NV05'),
('SK14', 'Honda PCX 2021', 'pcxdo.jpg', N'Đỏ', '150cc', '2021', '36', 'TPHCM', '7000000000', N'Honda PCX cải tiến mới, tích hợp công nghệ hiện đại', 'DSP05', 'NV05'),
('SK15', 'Honda PCX 2021', 'pxctrang.jpg', N'Trắng', '150cc', '2021', '36', 'TPHCM', '7000000000', N'Honda PCX cải tiến mới, tích hợp công nghệ hiện đại', 'DSP05', 'NV05'),
('SK16', 'Honda Winner 2021', 'winden.jpg', N'Đen', '150cc', '2021', '36', 'TPHCM', '5000000000', N'Honda Winner 150cc 2021 mang phong cách mạnh mẽ', 'DSP06', 'NV06'),
('SK17', 'Honda Winner 2021', 'windo.jpg', N'Đỏ', '150cc', '2021', '36', 'TPHCM', '5000000000', N'Honda Winner 150cc 2021 mang phong cách mạnh mẽ', 'DSP06', 'NV06'),
('SK18', 'Honda Winner 2021', 'winxam.jpg', N'Xám', '150cc', '2021', '36', 'TPHCM', '5000000000', N'Honda Winner 150cc 2021 mang phong cách mạnh mẽ', 'DSP06', 'NV06'),
('SK19', 'Honda Wave Alpha 2021', 'alphaden.jpg', N'Đen', '110cc', '2021', '36', 'TPHCM', '2000000000', N'Honda Wave Alpha 110cc phiên bản 2021 trẻ trung và cá tính', 'DSP07', 'NV07'),
('SK20', 'Honda Wave Alpha 2021', 'alphado.jpg', N'Đỏ', '110cc', '2021', '36', 'TPHCM', '2000000000', N'Honda Wave Alpha 110cc phiên bản 2021 trẻ trung và cá tính', 'DSP07', 'NV07'),
('SK21', 'Honda Wave Alpha 2021', 'alphatrang.jpg', N'Trắng', '110cc', '2021', '36', 'TPHCM', '2000000000', N'Honda Wave Alpha 110cc phiên bản 2021 trẻ trung và cá tính', 'DSP07', 'NV07'),
('SK22', 'Honda Future 2021', 'fuden.jpg', N'Đen', '125cc', '2021', '36', 'TPHCM', '4000000000', N'Honda Future 125 FI với thiết kế trẻ trung, lịch lãm ', 'DSP08', 'NV08'),
('SK23', 'Honda Future 2021', 'fudo.jpg', N'Đỏ', '125cc', '2021', '36', 'TPHCM', '4000000000', N'Honda Future 125 FI với thiết kế trẻ trung, lịch lãm ', 'DSP08', 'NV08'),
('SK24', 'Honda Future 2021', 'futrang.jpg', N'Trắng', '125cc', '2021', '36', 'TPHCM', '4000000000', N'Honda Future 125 FI với thiết kế trẻ trung, lịch lãm ', 'DSP08', 'NV08'),
('SK25', 'Honda Wave RSX 2021', 'rsxden.jpg', N'Đen', '110cc', '2021', '36', 'TPHCM', '2500000000', N'Honda Wave RSX Fi 110 mang diện mạo hoàn toàn mới, với thiết kế thể thao', 'DSP09', 'NV09'),
('SK26', 'Honda Wave RSX 2021', 'rsxdo.jpg', N'Đỏ', '110cc', '2021', '36', 'TPHCM', '2500000000', N'Honda Wave RSX Fi 110 mang diện mạo hoàn toàn mới, với thiết kế thể thao', 'DSP09', 'NV09'),
('SK27', 'Honda Wave RSX 2021', 'rsxtrang.jpg', N'Trắng', '110cc', '2021', '36', 'TPHCM', '2500000000', N'Honda Wave RSX Fi 110 mang diện mạo hoàn toàn mới, với thiết kế thể thao', 'DSP09', 'NV09'),
('SK28', 'Honda Blade 2021', 'bladeden.jpg', N'Đen', '110cc', '2021', '36', 'TPHCM', '2000000000', N'Honda Blade 110cc 2021 mang phong cách mạnh mẽ', 'DSP10', 'NV10'),
('SK29', 'Honda Blade 2021', 'bladedo.jpg', N'Đỏ', '110cc', '2021', '36', 'TPHCM', '2000000000', N'Honda Blade 110cc 2021 mang phong cách mạnh mẽ', 'DSP10', 'NV10'),
('SK30', 'Honda Blade 2021', 'bladetrang.jpg', N'Trắng', '110cc', '2021', '36', 'TPHCM', '2000000000', N'Honda Blade 110cc 2021 mang phong cách mạnh mẽ', 'DSP10', 'NV10'),
-- YAMAHA
('SK31', 'Yamaha Grande 2021', 'grandeden.jpg', N'Đen', '125cc', '2021', '36', 'TPHCM', '4000000000', N'Yamaha Grande là mẫu xe tay ga có thiết kế thích hợp cho môi trường', 'DSP11', 'NV11'),
('SK32', 'Yamaha Grande 2021', 'grandedo.jpg', N'Đỏ', '125cc', '2021', '36', 'TPHCM', '4000000000', N'Yamaha Grande là mẫu xe tay ga có thiết kế thích hợp cho môi trường', 'DSP11', 'NV11'),
('SK33', 'Yamaha Grande 2021', 'grandexam.jpg', N'Xám', '125cc', '2021', '36', 'TPHCM', '4000000000', N'Yamaha Grande là mẫu xe tay ga có thiết kế thích hợp cho môi trường', 'DSP11', 'NV11'),
('SK34', 'Yamaha Nozza 2021', 'nozzaden.jpg', N'Đen', '125cc', '2021', '36', 'TPHCM', '3500000000', N'Yamaha Nozza là mẫu xe sở hữu sự kết hợp hoàn hảo giữa động cơ mạnh mẽ', 'DSP12', 'NV12'),
('SK35', 'Yamaha Nozza 2021', 'nozzado.jpg', N'Đỏ', '125cc', '2021', '36', 'TPHCM', '3500000000', N'Yamaha Nozza là mẫu xe sở hữu sự kết hợp hoàn hảo giữa động cơ mạnh mẽ', 'DSP12', 'NV12'),
('SK36', 'Yamaha Nozza 2021', 'nozzatrang.jpg', N'Trắng', '125cc', '2021', '36', 'TPHCM', '3500000000', N'Yamaha Nozza là mẫu xe sở hữu sự kết hợp hoàn hảo giữa động cơ mạnh mẽ', 'DSP12', 'NV12'),
('SK37', 'Yamaha Janus 2021', 'janusden.jpg', N'Đen', '125cc', '2021', '36', 'TPHCM', '3000000000', N'Yamaha Janus 2021 có thiết kế trẻ trung cùng khả năng vận hành mượt mà', 'DSP13', 'NV13'),
('SK38', 'Yamaha Janus 2021', 'janusdo.jpg', N'Đỏ', '125cc', '2021', '36', 'TPHCM', '3000000000', N'Yamaha Janus 2021 có thiết kế trẻ trung cùng khả năng vận hành mượt mà', 'DSP13', 'NV13'),
('SK39', 'Yamaha Janus 2021', 'janusxam.jpg', N'Xám', '125cc', '2021', '36', 'TPHCM', '3000000000', N'Yamaha Janus 2021 có thiết kế trẻ trung cùng khả năng vận hành mượt mà', 'DSP13', 'NV13'),
('SK40', 'Yamaha Exciter 2021', 'exden.jpg', N'Đen', '150cc', '2021', '36', 'TPHCM', '5500000000', N'Yamaha Exciter là mẫu xe côn tay được ưa chuộng nhất tại thị trường Việt Nam', 'DSP14', 'NV14'),
('SK41', 'Yamaha Exciter 2021', 'exdo.jpg', N'Đỏ', '150cc', '2021', '36', 'TPHCM', '5500000000', N'Yamaha Exciter là mẫu xe côn tay được ưa chuộng nhất tại thị trường Việt Nam', 'DSP14', 'NV14'),
('SK42', 'Yamaha Exciter 2021', 'exxanh.jpg', N'Xanh', '150cc', '2021', '36', 'TPHCM', '5500000000', N'Yamaha Exciter là mẫu xe côn tay được ưa chuộng nhất tại thị trường Việt Nam', 'DSP14', 'NV14'),
('SK43', 'Yamaha Sirius RC 2021', 'siden.jpg', N'Đen', '110cc', '2021', '36', 'TPHCM', '2000000000', N'Yamaha Sirius RC 2021 với động cơ 110cc, 4 thì, xy lanh đơn SOHC', 'DSP15', 'NV15'),
('SK44', 'Yamaha Sirius RC 2021', 'sido.jpg', N'Đỏ', '110cc', '2021', '36', 'TPHCM', '2000000000', N'Yamaha Sirius RC 2021 với động cơ 110cc, 4 thì, xy lanh đơn SOHC', 'DSP15', 'NV15'),
('SK45', 'Yamaha Sirius RC 2021', 'sixam.jpg', N'Xám', '110cc', '2021', '36', 'TPHCM', '2000000000', N'Yamaha Sirius RC 2021 với động cơ 110cc, 4 thì, xy lanh đơn SOHC', 'DSP15', 'NV15'),
('SK46', 'Yamaha Jupiter FI 2021', 'juden.jpg', N'Đen', '125cc', '2021', '36', 'TPHCM', '3000000000', N'Yamaha Jupiter FI GC thuộc mẫu xe số nam trang bị động cơ mạnh mẽ', 'DSP16', 'NV16'),
('SK47', 'Yamaha Jupiter FI 2021', 'judo.jpg', N'Đỏ', '125cc', '2021', '36', 'TPHCM', '3000000000', N'Yamaha Jupiter FI GC thuộc mẫu xe số nam trang bị động cơ mạnh mẽ', 'DSP16', 'NV16'),
('SK48', 'Yamaha Jupiter FI 2021', 'juxanh.jpg', N'Xanh', '125cc', '2021', '36', 'TPHCM', '3000000000', N'Yamaha Jupiter FI GC thuộc mẫu xe số nam trang bị động cơ mạnh mẽ', 'DSP16', 'NV16'),
-- SUZUKI
('SK49', 'Suzuki Impulse 2021', 'imden.jpg', N'Đen', '125cc', '2021', '36', 'TPHCM', '3000000000', N'Suzuki Impulse là chiếc xe ga ấn tượng và phù hợp với nhu cầu sử dụng xe máy của số đông các nam thanh niên Việt', 'DSP17', 'NV17'),
('SK50', 'Suzuki Impulse 2021', 'imtrang.jpg', N'Trắng', '125cc', '2021', '36', 'TPHCM', '3000000000', N'Suzuki Impulse là chiếc xe ga ấn tượng và phù hợp với nhu cầu sử dụng xe máy của số đông các nam thanh niên Việt', 'DSP17', 'NV17'),
('SK51', 'Suzuki Hayate 2021', 'imdo.jpg', N'Đỏ', '125cc', '2021', '36', 'TPHCM', '3000000000', N'Suzuki Hayate là dòng xe tay ga thể thao được kì vọng sẽ mang lại khởi sắc cho Suzuki', 'DSP18', 'NV18'),
('SK52', 'Suzuki Hayate 2021', 'imtrang.jpg', N'Trắng', '125cc', '2021', '36', 'TPHCM', '3000000000', N'Suzuki Hayate là dòng xe tay ga thể thao được kì vọng sẽ mang lại khởi sắc cho Suzuki', 'DSP18', 'NV18'),
('SK53', 'Suzuki Raider 2021', 'imden.jpg', N'Đen', '150cc', '2021', '36', 'TPHCM', '5000000000', N'Suzuki Raider được phát triển trên nền tảng công nghệ tiên tiến của Suzuki', 'DSP19', 'NV19'),
('SK54', 'Suzuki Raider 2021', 'imtrang.jpg', N'Trắng', '150cc', '2021', '36', 'TPHCM', '5000000000', N'Suzuki Raider được phát triển trên nền tảng công nghệ tiên tiến của Suzuki', 'DSP19', 'NV19'),
('SK55', 'Suzuki Revo 2021', 'revodo.jpg', N'Đỏ', '110cc', '2021', '36', 'TPHCM', '2000000000', N'Suzuki Revo có cả phiên bản bánh căm và vành đúc', 'DSP20', 'NV20'),
('SK56', 'Suzuki Revo 2021', 'revotrang.jpg', N'Trắng', '110cc', '2021', '36', 'TPHCM', '2000000000', N'Suzuki Revo có cả phiên bản bánh căm và vành đúc', 'DSP20', 'NV20'),
('SK57', 'Suzuki Viva 2021', 'vivado.jpg', N'Đỏ', '110cc', '2021', '36', 'TPHCM', '2000000000', N'Suzuki Viva 115 Fi 2021 được ra mắt tại thị trường Việt Nam là một dòng xe mới nhất ', 'DSP21', 'NV21'),
('SK58', 'Suzuki Viva 2021', 'vivaden.jpg', N'Đen', '110cc', '2021', '36', 'TPHCM', '2000000000', N'Suzuki Viva 115 Fi 2021 được ra mắt tại thị trường Việt Nam là một dòng xe mới nhất ', 'DSP21', 'NV21'),
-- SYM
('SK59', 'SYM Venus 2021', 'venusdo.jpg', N'Đỏ', '125cc', '2021', '36', 'TPHCM', '3000000000', N'SYM Venus có phần thân xe hình giọt nước mềm mại', 'DSP22', 'NV22'),
('SK60', 'SYM Venus 2021', 'venustrang.jpg', N'Trắng', '125cc', '2021', '36', 'TPHCM', '3000000000', N'SYM Venus có phần thân xe hình giọt nước mềm mại', 'DSP22', 'NV22'),
('SK61', 'SYM Angela 2021', 'anden.jpg', N'Đen', '50cc', '2021', '36', 'TPHCM', '1000000000', N'SYM Angela 50 nổi bật là một sản phẩm xe số phổ thông với khả năng tiết', 'DSP23', 'NV23'),
('SK62', 'SYM Angela 2021', 'antrang.jpg', N'Trắng', '50cc', '2021', '36', 'TPHCM', '1000000000', N'SYM Angela 50 nổi bật là một sản phẩm xe số phổ thông với khả năng tiết', 'DSP23', 'NV23'),
--PIAGGIO
('SK63', 'Piaggio Liberty 2021', 'liden.jpg', N'Đen', '125cc', '2021', '36', 'TPHCM', '6000000000', N'Piaggio Liberty S nổi bật với những điểm nhấn chi tiết ', 'DSP24', 'NV24'),
('SK64', 'Paggio Liberty 2021', 'litrang.jpg', N'Trắng', '125cc', '2021', '36', 'TPHCM', '6000000000', N'Piaggio Liberty S nổi bật với những điểm nhấn chi tiết ', 'DSP24', 'NV24'),
('SK65', 'Piaggio Vespa 2021', 'vesdo.jpg', N'Đỏ', '125cc', '2021', '36', 'TPHCM', '8000000000', N'Vespa là thương hiệu của dòng sản phẩm xe gắn máy yên thấp bánh nhỏ của hãng Piaggio', 'DSP25', 'NV25'),
('SK66', 'Piaggio Vespa 2021', 'vestrang.jpg', N'Trắng', '125cc', '2021', '36', 'TPHCM', '8000000000', N'Vespa là thương hiệu của dòng sản phẩm xe gắn máy yên thấp bánh nhỏ của hãng Piaggio', 'DSP25', 'NV25');



-- DỊCH VỤ
insert into DichVu values
('DV01', N'Mua bán xe', '100', 'NV01'),
('DV02', N'Mua bán xe', '100', 'NV02'),
('DV03', N'Mua bán xe', '100', 'NV03'),
('DV04', N'Mua bán xe', '100', 'NV04'),
('DV05', N'Mua bán xe', '100', 'NV05'),
('DV06', N'Mua bán xe', '100', 'NV06'),
('DV07', N'Mua bán xe', '100', 'NV07'),
('DV08', N'Mua bán xe', '100', 'NV08'),
('DV09', N'Mua bán xe', '100', 'NV09'),
('DV10', N'Mua bán xe', '100', 'NV10'),
('DV11', N'Mua bán xe', '100', 'NV11'),
('DV12', N'Mua bán xe', '100', 'NV12'),
('DV13', N'Mua bán xe', '100', 'NV13'),
('DV14', N'Mua bán xe', '100', 'NV14'),
('DV15', N'Mua bán xe', '100', 'NV15'),
('DV16', N'Mua bán xe', '100', 'NV16'),
('DV17', N'Mua bán xe', '100', 'NV17'),
('DV18', N'Mua bán xe', '100', 'NV18'),
('DV19', N'Mua bán xe', '100', 'NV19'),
('DV20', N'Mua bán xe', '100', 'NV20');


-- HÓA ĐƠN
insert into HoaDon values
('HD01','2021-01-23', N'Trực tiếp', N'Đã TT', 'NV01','KH01'),
('HD02','2021-02-12', N'Trực tiếp', N'Đã TT', 'NV02','KH02'),
('HD03','2021-02-11', N'Trực tiếp', N'Đã TT', 'NV03','KH03'),
('HD04','2021-04-01', N'Trực tiếp', N'Đã TT', 'NV04','KH04'),
('HD05','2021-05-05', N'Trực tiếp', N'Đã TT', 'NV05','KH05'),
('HD06','2021-01-19', N'Trực tiếp', N'Đã TT', 'NV06','KH06'),
('HD07','2021-07-16', N'Trực tiếp', N'Đã TT', 'NV07','KH07'),
('HD08','2021-04-14', N'Trực tiếp', N'Đã TT', 'NV08','KH08'),
('HD09','2021-11-15', N'Trực tiếp', N'Đã TT', 'NV09','KH09'),
('HD10','2021-12-17', N'Trực tiếp', N'Đã TT', 'NV10','KH10'),
('HD11','2021-12-30', N'Trực tiếp', N'Đã TT', 'NV11','KH11'),
('HD12','2021-12-21', N'Trực tiếp', N'Đã TT', 'NV12','KH12'),
('HD13','2021-09-24', N'Trực tiếp', N'Đã TT', 'NV13','KH13'),
('HD14','2021-04-26', N'Trực tiếp', N'Đã TT', 'NV14','KH14'),
('HD15','2021-04-29', N'Trực tiếp', N'Đã TT', 'NV15','KH15'),
('HD16','2021-04-11', N'Trực tiếp', N'Đã TT', 'NV16','KH16'),
('HD17','2021-02-28', N'Trực tiếp', N'Đã TT', 'NV17','KH17'),
('HD18','2021-02-24', N'Trực tiếp', N'Đã TT', 'NV18','KH18'),
('HD19','2021-04-12', N'Trực tiếp', N'Đã TT', 'NV19','KH19'),
('HD20','2021-01-11', N'Trực tiếp', N'Đã TT', 'NV20','KH20');


--  CHI TIẾT HÓA ĐƠN
insert into ChiTietHoaDon values
('50000000', 'DV01', 'SK01', 'HD01'),
('50000000', 'DV02', 'SK02', 'HD02'),
('50000000', 'DV03', 'SK03', 'HD03'),
('90000000', 'DV04', 'SK04', 'HD04'),
('90000000', 'DV05', 'SK05', 'HD05'),
('90000000', 'DV06', 'SK06', 'HD06'),
('60000000', 'DV07', 'SK07', 'HD07'),
('60000000', 'DV08', 'SK08', 'HD08'),
('60000000', 'DV09', 'SK09', 'HD09'),
('40000000', 'DV10', 'SK10', 'HD10'),
('40000000', 'DV11', 'SK11', 'HD11'),
('40000000', 'DV12', 'SK12', 'HD12'),
('70000000', 'DV13', 'SK13', 'HD13'),
('70000000', 'DV14', 'SK14', 'HD14'),
('70000000', 'DV15', 'SK15', 'HD15'),
('50000000', 'DV16', 'SK16', 'HD16'),
('50000000', 'DV17', 'SK17', 'HD17'),
('50000000', 'DV18', 'SK18', 'HD18'),
('20000000', 'DV19', 'SK19', 'HD19'),
('20000000', 'DV20', 'SK20', 'HD20');


-- SỔ BẢO HÀNH
insert into SoBaoHanh values
('SBH01', 1),
('SBH02', 1),
('SBH03', 1),
('SBH04', 1),
('SBH05', 1),
('SBH06', 1),
('SBH07', 1),
('SBH08', 1),
('SBH09', 1),
('SBH10', 1),
('SBH11', 1),
('SBH12', 1),
('SBH13', 1),
('SBH14', 1),
('SBH15', 1),
('SBH16', 1),
('SBH17', 1),
('SBH18', 1),
('SBH19', 1),
('SBH20', 1);


-- CHI TIẾT BẢO HÀNH
insert into ChiTietBaoHanh values
('2021-01-01', N'Thay nhớt', 'NV01', 'SBH01'),
('2021-01-01', N'Thay nhớt', 'NV02', 'SBH02'),
('2021-01-01', N'Thay nhớt', 'NV03', 'SBH03'),
('2021-01-01', N'Thay nhớt', 'NV04', 'SBH04'),
('2021-01-01', N'Thay nhớt', 'NV05', 'SBH05'),
('2021-01-01', N'Thay nhớt', 'NV06', 'SBH06'),
('2021-01-01', N'Thay nhớt', 'NV07', 'SBH07'),
('2021-01-01', N'Thay nhớt', 'NV08', 'SBH08'),
('2021-01-01', N'Thay nhớt', 'NV09', 'SBH09'),
('2021-01-01', N'Thay nhớt', 'NV10', 'SBH10'),
('2021-01-01', N'Thay nhớt', 'NV11', 'SBH11'),
('2021-01-01', N'Thay nhớt', 'NV12', 'SBH12'),
('2021-01-01', N'Thay nhớt', 'NV13', 'SBH13'),
('2021-01-01', N'Thay nhớt', 'NV14', 'SBH14'),
('2021-01-01', N'Thay nhớt', 'NV15', 'SBH15'),
('2021-01-01', N'Thay nhớt', 'NV16', 'SBH16'),
('2021-01-01', N'Thay nhớt', 'NV17', 'SBH17'),
('2021-01-01', N'Thay nhớt', 'NV18', 'SBH18'),
('2021-01-01', N'Thay nhớt', 'NV19', 'SBH19'),
('2021-01-01', N'Thay nhớt', 'NV20', 'SBH20');


-- CHI TIẾT BẢO DƯỠNG
insert into ChiTietBaoDuong values
('2021-01-01', N'Bảo dưỡng toàn bộ, Vệ sinh kim phun', 'NV01', 'SBH01'),
('2021-01-01', N'Bảo dưỡng toàn bộ, Vệ sinh kim phun', 'NV02', 'SBH02'),
('2021-01-01', N'Bảo dưỡng toàn bộ, Vệ sinh kim phun', 'NV03', 'SBH03'),
('2021-01-01', N'Bảo dưỡng toàn bộ, Vệ sinh kim phun', 'NV04', 'SBH04'),
('2021-01-01', N'Bảo dưỡng toàn bộ, Vệ sinh kim phun', 'NV05', 'SBH05'),
('2021-01-01', N'Bảo dưỡng toàn bộ, Vệ sinh kim phun', 'NV06', 'SBH06'),
('2021-01-01', N'Bảo dưỡng toàn bộ, Vệ sinh kim phun', 'NV07', 'SBH07'),
('2021-01-01', N'Bảo dưỡng toàn bộ, Vệ sinh kim phun', 'NV08', 'SBH08'),
('2021-01-01', N'Bảo dưỡng toàn bộ, Vệ sinh kim phun', 'NV09', 'SBH09'),
('2021-01-01', N'Bảo dưỡng toàn bộ, Vệ sinh kim phun', 'NV10', 'SBH10'),
('2021-01-01', N'Bảo dưỡng toàn bộ, Vệ sinh kim phun', 'NV11', 'SBH11'),
('2021-01-01', N'Bảo dưỡng toàn bộ, Vệ sinh kim phun', 'NV12', 'SBH12'),
('2021-01-01', N'Bảo dưỡng toàn bộ, Vệ sinh kim phun', 'NV13', 'SBH13'),
('2021-01-01', N'Bảo dưỡng toàn bộ, Vệ sinh kim phun', 'NV14', 'SBH14'),
('2021-01-01', N'Bảo dưỡng toàn bộ, Vệ sinh kim phun', 'NV15', 'SBH15'),
('2021-01-01', N'Bảo dưỡng toàn bộ, Vệ sinh kim phun', 'NV16', 'SBH16'),
('2021-01-01', N'Bảo dưỡng toàn bộ, Vệ sinh kim phun', 'NV17', 'SBH17'),
('2021-01-01', N'Bảo dưỡng toàn bộ, Vệ sinh kim phun', 'NV18', 'SBH18'),
('2021-01-01', N'Bảo dưỡng toàn bộ, Vệ sinh kim phun', 'NV19', 'SBH19'),
('2021-01-01', N'Bảo dưỡng toàn bộ, Vệ sinh kim phun', 'NV20', 'SBH20');


-- PHIẾU NHẬP KHO
insert into PhieuNhapKho values
('PN01','2021-01-01', 'NV01'),
('PN02','2021-01-01', 'NV02'),
('PN03','2021-01-01', 'NV03'),
('PN04','2021-01-01', 'NV04'),
('PN05','2021-01-01', 'NV05'),
('PN06','2021-01-01', 'NV06'),
('PN07','2021-01-01', 'NV07'),
('PN08','2021-01-01', 'NV08'),
('PN09','2021-01-01', 'NV09'),
('PN10','2021-01-01', 'NV10'),
('PN11','2021-01-01', 'NV11'),
('PN12','2021-01-01', 'NV12'),
('PN13','2021-01-01', 'NV13'),
('PN14','2021-01-01', 'NV14'),
('PN15','2021-01-01', 'NV15'),
('PN16','2021-01-01', 'NV16'),
('PN17','2021-01-01', 'NV17'),
('PN18','2021-01-01', 'NV18'),
('PN19','2021-01-01', 'NV19'),
('PN20','2021-01-01', 'NV20');



-- CHI TIẾT NHẬP KHO
insert into ChiTietNhapKho values
('100', '5000000000','SK01', 'PN01'),
('100', '5000000000','SK02', 'PN02'),
('100', '5000000000','SK03', 'PN03'),
('100', '9000000000','SK04', 'PN04'),
('100', '9000000000','SK05', 'PN05'),
('100', '9000000000','SK06', 'PN06'),
('100', '6000000000','SK07', 'PN07'),
('100', '6000000000','SK08', 'PN08'),
('100', '6000000000','SK09', 'PN09'),
('100', '4000000000','SK10', 'PN10'),
('100', '4000000000','SK11', 'PN11'),
('100', '4000000000','SK12', 'PN12'),
('100', '7000000000','SK13', 'PN13'),
('100', '7000000000','SK14', 'PN14'),
('100', '7000000000','SK15', 'PN15'),
('100', '5000000000','SK16', 'PN16'),
('100', '5000000000','SK17', 'PN17'),
('100', '5000000000','SK18', 'PN18'),
('100', '2000000000','SK19', 'PN19'),
('100', '2000000000','SK20', 'PN20');